{"C:\\Users\\26397\\DevEcoStudioProjects\\search\\AppScope\\app.json5":{"hashValue":"a79e1a2ad32ee20f23191207704cf0bf","name":"app.json5","path":"C:\\Users\\26397\\DevEcoStudioProjects\\search\\AppScope\\app.json5","type":"file","isSymbolicLink":false,"fileMetaData":{"size":213,"lastModifiedTime":1709469241418}},"C:\\Users\\26397\\DevEcoStudioProjects\\search\\entry\\src\\main\\module.json5":{"hashValue":"d42480d89d0bfe435159009fd593b162","name":"module.json5","path":"C:\\Users\\26397\\DevEcoStudioProjects\\search\\entry\\src\\main\\module.json5","type":"file","isSymbolicLink":false,"fileMetaData":{"size":934,"lastModifiedTime":1709469241433}},"C:\\Users\\26397\\DevEcoStudioProjects\\search\\entry\\.preview\\default\\intermediates\\merge_profile\\default\\module.json":{"hashValue":"df0bcee69d4d8a62d0d968eb8b8c10d2","name":"module.json","path":"C:\\Users\\26397\\DevEcoStudioProjects\\search\\entry\\.preview\\default\\intermediates\\merge_profile\\default\\module.json","type":"file","isSymbolicLink":false,"fileMetaData":{"size":1056,"lastModifiedTime":1709469600074}},"C:\\Users\\26397\\DevEcoStudioProjects\\search\\entry\\.preview\\default\\intermediates\\loader\\default\\loader.json":{"hashValue":"b1e0d55ad1d82ad5882496efc4a471d7","name":"loader.json","path":"C:\\Users\\26397\\DevEcoStudioProjects\\search\\entry\\.preview\\default\\intermediates\\loader\\default\\loader.json","type":"file","isSymbolicLink":false,"fileMetaData":{"size":387,"lastModifiedTime":1709469600077}},"C:\\Users\\26397\\DevEcoStudioProjects\\search\\entry\\.preview\\default\\intermediates\\process_profile\\default\\module.json":{"hashValue":"c62828bd7606d8132ae9b37be7159851","name":"module.json","path":"C:\\Users\\26397\\DevEcoStudioProjects\\search\\entry\\.preview\\default\\intermediates\\process_profile\\default\\module.json","type":"file","isSymbolicLink":false,"fileMetaData":{"size":1141,"lastModifiedTime":1709469600146}},"C:\\Users\\26397\\DevEcoStudioProjects\\search\\entry\\src\\main\\resources":{"hashValue":"a69456c967e0291dc8d66f1384feaa95","name":"resources","path":"C:\\Users\\26397\\DevEcoStudioProjects\\search\\entry\\src\\main\\resources","type":"directory","isSymbolicLink":false,"children":[{"hashValue":"980ba5fd3863a3206c75801bc60f3421","name":"base","path":"C:\\Users\\26397\\DevEcoStudioProjects\\search\\entry\\src\\main\\resources\\base","type":"directory","isSymbolicLink":false,"children":[{"hashValue":"214c01e1da75b27ca94874b76f83a4c5","name":"element","path":"C:\\Users\\26397\\DevEcoStudioProjects\\search\\entry\\src\\main\\resources\\base\\element","type":"directory","isSymbolicLink":false,"children":[{"hashValue":"74d06c949c3caadfcc06649e844c9958","name":"color.json","path":"C:\\Users\\26397\\DevEcoStudioProjects\\search\\entry\\src\\main\\resources\\base\\element\\color.json","type":"file","isSymbolicLink":false,"fileMetaData":{"size":105,"lastModifiedTime":1709469240927}},{"hashValue":"29142b8064077fa194660fcef47d1e35","name":"string.json","path":"C:\\Users\\26397\\DevEcoStudioProjects\\search\\entry\\src\\main\\resources\\base\\element\\string.json","type":"file","isSymbolicLink":false,"fileMetaData":{"size":247,"lastModifiedTime":1709469241504}}]},{"hashValue":"3bde07afef79aee7144833acb0b3fe99","name":"media","path":"C:\\Users\\26397\\DevEcoStudioProjects\\search\\entry\\src\\main\\resources\\base\\media","type":"directory","isSymbolicLink":false,"children":[{"hashValue":"e1dc9a2cf608130189a4885734ec7694","name":"circle.png","path":"C:\\Users\\26397\\DevEcoStudioProjects\\search\\entry\\src\\main\\resources\\base\\media\\circle.png","type":"file","isSymbolicLink":false,"fileMetaData":{"size":1370,"lastModifiedTime":1709096630000}},{"hashValue":"d214ded9bde51c5de60ed579f9a9f018","name":"Copy3x.png","path":"C:\\Users\\26397\\DevEcoStudioProjects\\search\\entry\\src\\main\\resources\\base\\media\\Copy3x.png","type":"file","isSymbolicLink":false,"fileMetaData":{"size":2430,"lastModifiedTime":1709096630000}},{"hashValue":"4a1fa12df20e352fc2caa56e037060a0","name":"icon.png","path":"C:\\Users\\26397\\DevEcoStudioProjects\\search\\entry\\src\\main\\resources\\base\\media\\icon.png","type":"file","isSymbolicLink":false,"fileMetaData":{"size":6790,"lastModifiedTime":1709469240932}},{"hashValue":"b66f141e76002d5701f46624bdac4db4","name":"returnbutton.png","path":"C:\\Users\\26397\\DevEcoStudioProjects\\search\\entry\\src\\main\\resources\\base\\media\\returnbutton.png","type":"file","isSymbolicLink":false,"fileMetaData":{"size":500,"lastModifiedTime":1709096630000}},{"hashValue":"b77fddfd2857f7d77d57950eaf97a93d","name":"triangle.png","path":"C:\\Users\\26397\\DevEcoStudioProjects\\search\\entry\\src\\main\\resources\\base\\media\\triangle.png","type":"file","isSymbolicLink":false,"fileMetaData":{"size":367,"lastModifiedTime":1709096630000}}]},{"hashValue":"d70c7d090897b8d8cc8b34202459eea1","name":"profile","path":"C:\\Users\\26397\\DevEcoStudioProjects\\search\\entry\\src\\main\\resources\\base\\profile","type":"directory","isSymbolicLink":false,"children":[{"hashValue":"fd386103e6eb3ddb373085a98efe0c79","name":"main_pages.json","path":"C:\\Users\\26397\\DevEcoStudioProjects\\search\\entry\\src\\main\\resources\\base\\profile\\main_pages.json","type":"file","isSymbolicLink":false,"fileMetaData":{"size":37,"lastModifiedTime":1709469240942}}]}]},{"hashValue":"5d84d942230f382e9cf7b64d1389de68","name":"en_US","path":"C:\\Users\\26397\\DevEcoStudioProjects\\search\\entry\\src\\main\\resources\\en_US","type":"directory","isSymbolicLink":false,"children":[{"hashValue":"74a4eaba121290b1f16e6704ae83a154","name":"element","path":"C:\\Users\\26397\\DevEcoStudioProjects\\search\\entry\\src\\main\\resources\\en_US\\element","type":"directory","isSymbolicLink":false,"children":[{"hashValue":"a9f8df4cad17328bb7047616a16308d3","name":"string.json","path":"C:\\Users\\26397\\DevEcoStudioProjects\\search\\entry\\src\\main\\resources\\en_US\\element\\string.json","type":"file","isSymbolicLink":false,"fileMetaData":{"size":247,"lastModifiedTime":1709469241472}}]}]},{"hashValue":"","name":"rawfile","path":"C:\\Users\\26397\\DevEcoStudioProjects\\search\\entry\\src\\main\\resources\\rawfile","type":"directory","isSymbolicLink":false,"children":[]},{"hashValue":"651cfd8f94d2ee253789c862c2f23a00","name":"zh_CN","path":"C:\\Users\\26397\\DevEcoStudioProjects\\search\\entry\\src\\main\\resources\\zh_CN","type":"directory","isSymbolicLink":false,"children":[{"hashValue":"2224d5dd3e950faae59cd2cfce8c6d0d","name":"element","path":"C:\\Users\\26397\\DevEcoStudioProjects\\search\\entry\\src\\main\\resources\\zh_CN\\element","type":"directory","isSymbolicLink":false,"children":[{"hashValue":"7da87faee025e3ac357ec2adbdbc99a2","name":"string.json","path":"C:\\Users\\26397\\DevEcoStudioProjects\\search\\entry\\src\\main\\resources\\zh_CN\\element\\string.json","type":"file","isSymbolicLink":false,"fileMetaData":{"size":241,"lastModifiedTime":1709469241510}}]}]}]},"C:\\Users\\26397\\DevEcoStudioProjects\\search\\AppScope\\resources":{"hashValue":"5ebc55ec7aca4b57509cdb5fe3f4a161","name":"resources","path":"C:\\Users\\26397\\DevEcoStudioProjects\\search\\AppScope\\resources","type":"directory","isSymbolicLink":false,"children":[{"hashValue":"e6b8cca784a39391ddfe5850a686d034","name":"base","path":"C:\\Users\\26397\\DevEcoStudioProjects\\search\\AppScope\\resources\\base","type":"directory","isSymbolicLink":false,"children":[{"hashValue":"5549ff7ce2a8c650667584bd07d0b168","name":"element","path":"C:\\Users\\26397\\DevEcoStudioProjects\\search\\AppScope\\resources\\base\\element","type":"directory","isSymbolicLink":false,"children":[{"hashValue":"da301be77f954fe640f73beace9b2b35","name":"string.json","path":"C:\\Users\\26397\\DevEcoStudioProjects\\search\\AppScope\\resources\\base\\element\\string.json","type":"file","isSymbolicLink":false,"fileMetaData":{"size":92,"lastModifiedTime":1709469240799}}]},{"hashValue":"45ef89772968dea41d2bebadb8159b07","name":"media","path":"C:\\Users\\26397\\DevEcoStudioProjects\\search\\AppScope\\resources\\base\\media","type":"directory","isSymbolicLink":false,"children":[{"hashValue":"fec719f199d28b88dfcfae9dbfd20cef","name":"app_icon.png","path":"C:\\Users\\26397\\DevEcoStudioProjects\\search\\AppScope\\resources\\base\\media\\app_icon.png","type":"file","isSymbolicLink":false,"fileMetaData":{"size":6790,"lastModifiedTime":1709469240791}}]}]}]},"C:\\Users\\26397\\DevEcoStudioProjects\\search\\entry\\.preview\\default\\intermediates\\res\\default":{"hashValue":"7cdee970b515990e3b6105c665bc0ad6","name":"default","path":"C:\\Users\\26397\\DevEcoStudioProjects\\search\\entry\\.preview\\default\\intermediates\\res\\default","type":"directory","isSymbolicLink":false,"children":[{"hashValue":"54b5e0c840175812473f545701ca6952","name":"app_compiled","path":"C:\\Users\\26397\\DevEcoStudioProjects\\search\\entry\\.preview\\default\\intermediates\\res\\default\\app_compiled","type":"directory","isSymbolicLink":false,"children":[{"hashValue":"de54cc8e70ecf39aeadb9c0fd7f876b7","name":"17252792543271590541","path":"C:\\Users\\26397\\DevEcoStudioProjects\\search\\entry\\.preview\\default\\intermediates\\res\\default\\app_compiled\\17252792543271590541","type":"file","isSymbolicLink":false,"fileMetaData":{"size":210,"lastModifiedTime":1709476884808}},{"hashValue":"f1a0ed658cc326d1b7ec470846afa518","name":"2159182298630997715","path":"C:\\Users\\26397\\DevEcoStudioProjects\\search\\entry\\.preview\\default\\intermediates\\res\\default\\app_compiled\\2159182298630997715","type":"file","isSymbolicLink":false,"fileMetaData":{"size":128,"lastModifiedTime":1709476884807}}]},{"hashValue":"18deaedd84c7443711a0dc41b9b7a326","name":"module_compiled","path":"C:\\Users\\26397\\DevEcoStudioProjects\\search\\entry\\.preview\\default\\intermediates\\res\\default\\module_compiled","type":"directory","isSymbolicLink":false,"children":[{"hashValue":"fba0e70aeec48edc8dd8a16d7cf87b7b","name":"10378307105739199162","path":"C:\\Users\\26397\\DevEcoStudioProjects\\search\\entry\\.preview\\default\\intermediates\\res\\default\\module_compiled\\10378307105739199162","type":"file","isSymbolicLink":false,"fileMetaData":{"size":440,"lastModifiedTime":1709476884839}},{"hashValue":"0515f3c52b61fbbdaaa597869c38b38f","name":"11444324680318906441","path":"C:\\Users\\26397\\DevEcoStudioProjects\\search\\entry\\.preview\\default\\intermediates\\res\\default\\module_compiled\\11444324680318906441","type":"file","isSymbolicLink":false,"fileMetaData":{"size":494,"lastModifiedTime":1709476884851}},{"hashValue":"924fc45f1045594fbec076bbd0ca1be6","name":"12292702395385434599","path":"C:\\Users\\26397\\DevEcoStudioProjects\\search\\entry\\.preview\\default\\intermediates\\res\\default\\module_compiled\\12292702395385434599","type":"file","isSymbolicLink":false,"fileMetaData":{"size":210,"lastModifiedTime":1709476884850}},{"hashValue":"923c432782aab2b59c3e91120143fc72","name":"13196701481576810710","path":"C:\\Users\\26397\\DevEcoStudioProjects\\search\\entry\\.preview\\default\\intermediates\\res\\default\\module_compiled\\13196701481576810710","type":"file","isSymbolicLink":false,"fileMetaData":{"size":222,"lastModifiedTime":1709476884850}},{"hashValue":"e6ff7a53438215f620352df483f55d42","name":"15898848671276588786","path":"C:\\Users\\26397\\DevEcoStudioProjects\\search\\entry\\.preview\\default\\intermediates\\res\\default\\module_compiled\\15898848671276588786","type":"file","isSymbolicLink":false,"fileMetaData":{"size":488,"lastModifiedTime":1709476884852}},{"hashValue":"b7978c581f2e313695fb854a89db230e","name":"18227381794724960615","path":"C:\\Users\\26397\\DevEcoStudioProjects\\search\\entry\\.preview\\default\\intermediates\\res\\default\\module_compiled\\18227381794724960615","type":"file","isSymbolicLink":false,"fileMetaData":{"size":216,"lastModifiedTime":1709476884850}},{"hashValue":"d652d9f328dcaa884dc121adfc760008","name":"4884433435446786897","path":"C:\\Users\\26397\\DevEcoStudioProjects\\search\\entry\\.preview\\default\\intermediates\\res\\default\\module_compiled\\4884433435446786897","type":"file","isSymbolicLink":false,"fileMetaData":{"size":234,"lastModifiedTime":1709476884850}},{"hashValue":"2db53491058b9bae0f03cd550e0884c0","name":"5178703298141927847","path":"C:\\Users\\26397\\DevEcoStudioProjects\\search\\entry\\.preview\\default\\intermediates\\res\\default\\module_compiled\\5178703298141927847","type":"file","isSymbolicLink":false,"fileMetaData":{"size":235,"lastModifiedTime":1709476884851}},{"hashValue":"2140b5d5e4b374d5e6e055339fc94a28","name":"5865775463574217201","path":"C:\\Users\\26397\\DevEcoStudioProjects\\search\\entry\\.preview\\default\\intermediates\\res\\default\\module_compiled\\5865775463574217201","type":"file","isSymbolicLink":false,"fileMetaData":{"size":216,"lastModifiedTime":1709476884849}},{"hashValue":"485853544124247c8b1c977361233bf1","name":"8697454999403259295","path":"C:\\Users\\26397\\DevEcoStudioProjects\\search\\entry\\.preview\\default\\intermediates\\res\\default\\module_compiled\\8697454999403259295","type":"file","isSymbolicLink":false,"fileMetaData":{"size":149,"lastModifiedTime":1709476884839}}]},{"hashValue":"b37a8f1636745219c9182c782deaa421","name":"module.json","path":"C:\\Users\\26397\\DevEcoStudioProjects\\search\\entry\\.preview\\default\\intermediates\\res\\default\\module.json","type":"file","isSymbolicLink":false,"fileMetaData":{"size":2042,"lastModifiedTime":1709476884900}},{"hashValue":"3ea9b4cfcb17ae3dfc252bd1c969058e","name":"resources","path":"C:\\Users\\26397\\DevEcoStudioProjects\\search\\entry\\.preview\\default\\intermediates\\res\\default\\resources","type":"directory","isSymbolicLink":false,"children":[{"hashValue":"26bc2d6c36b758a861f25756999c94af","name":"base","path":"C:\\Users\\26397\\DevEcoStudioProjects\\search\\entry\\.preview\\default\\intermediates\\res\\default\\resources\\base","type":"directory","isSymbolicLink":false,"children":[{"hashValue":"5d663488a333c4be943b335813193d42","name":"profile","path":"C:\\Users\\26397\\DevEcoStudioProjects\\search\\entry\\.preview\\default\\intermediates\\res\\default\\resources\\base\\profile","type":"directory","isSymbolicLink":false,"children":[{"hashValue":"bd369420e565041c68c6db469325ddf4","name":"main_pages.json","path":"C:\\Users\\26397\\DevEcoStudioProjects\\search\\entry\\.preview\\default\\intermediates\\res\\default\\resources\\base\\profile\\main_pages.json","type":"file","isSymbolicLink":false,"fileMetaData":{"size":23,"lastModifiedTime":1709476887176}}]}]}]},{"hashValue":"d3bf9e3b7d13706273b5a679f91ac4de","name":"resources.index","path":"C:\\Users\\26397\\DevEcoStudioProjects\\search\\entry\\.preview\\default\\intermediates\\res\\default\\resources.index","type":"file","isSymbolicLink":false,"fileMetaData":{"size":1660,"lastModifiedTime":1709476884899}},{"hashValue":"2c363a138a0db3c4ac53f7b484fc1cb4","name":"ResourceTable.txt","path":"C:\\Users\\26397\\DevEcoStudioProjects\\search\\entry\\.preview\\default\\intermediates\\res\\default\\ResourceTable.txt","type":"file","isSymbolicLink":false,"fileMetaData":{"size":352,"lastModifiedTime":1709476884900}}]},"C:\\Users\\26397\\DevEcoStudioProjects\\search\\entry\\.preview\\default\\generated\\r\\default\\ResourceTable.h":{"hashValue":"89ae0dc60ba5bad08d6df89ea8814024","name":"ResourceTable.h","path":"C:\\Users\\26397\\DevEcoStudioProjects\\search\\entry\\.preview\\default\\generated\\r\\default\\ResourceTable.h","type":"file","isSymbolicLink":false,"fileMetaData":{"size":1262,"lastModifiedTime":1709476884900}},"C:\\Users\\26397\\DevEcoStudioProjects\\search\\entry\\.preview\\default\\generated\\r\\default":{"hashValue":"c31e453b7340eec76b47589db78bc5ac","name":"default","path":"C:\\Users\\26397\\DevEcoStudioProjects\\search\\entry\\.preview\\default\\generated\\r\\default","type":"directory","isSymbolicLink":false,"children":[{"hashValue":"89ae0dc60ba5bad08d6df89ea8814024","name":"ResourceTable.h","path":"C:\\Users\\26397\\DevEcoStudioProjects\\search\\entry\\.preview\\default\\generated\\r\\default\\ResourceTable.h","type":"file","isSymbolicLink":false,"fileMetaData":{"size":1262,"lastModifiedTime":1709476884900}}]},"C:\\Users\\26397\\DevEcoStudioProjects\\search\\entry\\build\\default\\intermediates\\hap_metadata\\default\\output_metadata.json":{"hashValue":"7670af80e907332767ca1e306b2636f1","name":"output_metadata.json","path":"C:\\Users\\26397\\DevEcoStudioProjects\\search\\entry\\build\\default\\intermediates\\hap_metadata\\default\\output_metadata.json","type":"file","isSymbolicLink":false,"fileMetaData":{"size":93,"lastModifiedTime":1709469518280}},"C:\\Users\\26397\\DevEcoStudioProjects\\search\\entry\\build\\default\\intermediates\\merge_profile\\default\\module.json":{"hashValue":"aeb65ef226a96f1b7acec38614fa9ae1","name":"module.json","path":"C:\\Users\\26397\\DevEcoStudioProjects\\search\\entry\\build\\default\\intermediates\\merge_profile\\default\\module.json","type":"file","isSymbolicLink":false,"fileMetaData":{"size":1056,"lastModifiedTime":1709476995464}},"C:\\Users\\26397\\DevEcoStudioProjects\\search\\entry\\build\\default\\intermediates\\loader\\default\\loader.json":{"hashValue":"bd058151bda774fc84bd73146a21b3fd","name":"loader.json","path":"C:\\Users\\26397\\DevEcoStudioProjects\\search\\entry\\build\\default\\intermediates\\loader\\default\\loader.json","type":"file","isSymbolicLink":false,"fileMetaData":{"size":384,"lastModifiedTime":1709476995470}},"C:\\Users\\26397\\DevEcoStudioProjects\\search\\entry\\build\\default\\outputs\\default\\pack.info":{"hashValue":"deef9075ed24c3290cf3a53056eb5aac","name":"pack.info","path":"C:\\Users\\26397\\DevEcoStudioProjects\\search\\entry\\build\\default\\outputs\\default\\pack.info","type":"file","isSymbolicLink":false,"fileMetaData":{"size":536,"lastModifiedTime":1709469518294}},"C:\\Users\\26397\\DevEcoStudioProjects\\search\\entry\\build\\default\\intermediates\\process_profile\\default\\module.json":{"hashValue":"df3cccefe828f4c3d26de9c98b2b3741","name":"module.json","path":"C:\\Users\\26397\\DevEcoStudioProjects\\search\\entry\\build\\default\\intermediates\\process_profile\\default\\module.json","type":"file","isSymbolicLink":false,"fileMetaData":{"size":1141,"lastModifiedTime":1709476995554}},"C:\\Users\\26397\\DevEcoStudioProjects\\search\\entry\\build\\default\\intermediates\\res\\default\\resConfig.json":{"hashValue":"9bdc5ca4bff405fdd70c48af158a256b","name":"resConfig.json","path":"C:\\Users\\26397\\DevEcoStudioProjects\\search\\entry\\build\\default\\intermediates\\res\\default\\resConfig.json","type":"file","isSymbolicLink":false,"fileMetaData":{"size":646,"lastModifiedTime":1709469518369}},"C:\\Users\\26397\\DevEcoStudioProjects\\search\\entry\\build\\default\\intermediates\\libs\\default":{"hashValue":"","name":"default","path":"C:\\Users\\26397\\DevEcoStudioProjects\\search\\entry\\build\\default\\intermediates\\libs\\default","type":"directory","isSymbolicLink":false,"children":[]},"C:\\Users\\26397\\DevEcoStudioProjects\\search\\entry\\build\\default\\intermediates\\res\\default":{"hashValue":"458cb20e1961394a5b7f2a7126caf14e","name":"default","path":"C:\\Users\\26397\\DevEcoStudioProjects\\search\\entry\\build\\default\\intermediates\\res\\default","type":"directory","isSymbolicLink":false,"children":[{"hashValue":"2cd778a6441d753820d6cd13a5837a0a","name":"module.json","path":"C:\\Users\\26397\\DevEcoStudioProjects\\search\\entry\\build\\default\\intermediates\\res\\default\\module.json","type":"file","isSymbolicLink":false,"fileMetaData":{"size":2042,"lastModifiedTime":1709476995635}},{"hashValue":"9bdc5ca4bff405fdd70c48af158a256b","name":"resConfig.json","path":"C:\\Users\\26397\\DevEcoStudioProjects\\search\\entry\\build\\default\\intermediates\\res\\default\\resConfig.json","type":"file","isSymbolicLink":false,"fileMetaData":{"size":646,"lastModifiedTime":1709469518369}},{"hashValue":"74458f8d37838ede8287a505b9e2696c","name":"resources","path":"C:\\Users\\26397\\DevEcoStudioProjects\\search\\entry\\build\\default\\intermediates\\res\\default\\resources","type":"directory","isSymbolicLink":false,"children":[{"hashValue":"ffb6746536d3f971b1a6f0f3d732fbe2","name":"base","path":"C:\\Users\\26397\\DevEcoStudioProjects\\search\\entry\\build\\default\\intermediates\\res\\default\\resources\\base","type":"directory","isSymbolicLink":false,"children":[{"hashValue":"8e5edfc78d748b8edabf0e24fbfe9b21","name":"media","path":"C:\\Users\\26397\\DevEcoStudioProjects\\search\\entry\\build\\default\\intermediates\\res\\default\\resources\\base\\media","type":"directory","isSymbolicLink":false,"children":[{"hashValue":"fec719f199d28b88dfcfae9dbfd20cef","name":"app_icon.png","path":"C:\\Users\\26397\\DevEcoStudioProjects\\search\\entry\\build\\default\\intermediates\\res\\default\\resources\\base\\media\\app_icon.png","type":"file","isSymbolicLink":false,"fileMetaData":{"size":6790,"lastModifiedTime":1709469240791}},{"hashValue":"e1dc9a2cf608130189a4885734ec7694","name":"circle.png","path":"C:\\Users\\26397\\DevEcoStudioProjects\\search\\entry\\build\\default\\intermediates\\res\\default\\resources\\base\\media\\circle.png","type":"file","isSymbolicLink":false,"fileMetaData":{"size":1370,"lastModifiedTime":1709096630000}},{"hashValue":"d214ded9bde51c5de60ed579f9a9f018","name":"Copy3x.png","path":"C:\\Users\\26397\\DevEcoStudioProjects\\search\\entry\\build\\default\\intermediates\\res\\default\\resources\\base\\media\\Copy3x.png","type":"file","isSymbolicLink":false,"fileMetaData":{"size":2430,"lastModifiedTime":1709096630000}},{"hashValue":"4a1fa12df20e352fc2caa56e037060a0","name":"icon.png","path":"C:\\Users\\26397\\DevEcoStudioProjects\\search\\entry\\build\\default\\intermediates\\res\\default\\resources\\base\\media\\icon.png","type":"file","isSymbolicLink":false,"fileMetaData":{"size":6790,"lastModifiedTime":1709469240932}},{"hashValue":"b66f141e76002d5701f46624bdac4db4","name":"returnbutton.png","path":"C:\\Users\\26397\\DevEcoStudioProjects\\search\\entry\\build\\default\\intermediates\\res\\default\\resources\\base\\media\\returnbutton.png","type":"file","isSymbolicLink":false,"fileMetaData":{"size":500,"lastModifiedTime":1709096630000}},{"hashValue":"b77fddfd2857f7d77d57950eaf97a93d","name":"triangle.png","path":"C:\\Users\\26397\\DevEcoStudioProjects\\search\\entry\\build\\default\\intermediates\\res\\default\\resources\\base\\media\\triangle.png","type":"file","isSymbolicLink":false,"fileMetaData":{"size":367,"lastModifiedTime":1709096630000}}]},{"hashValue":"d70c7d090897b8d8cc8b34202459eea1","name":"profile","path":"C:\\Users\\26397\\DevEcoStudioProjects\\search\\entry\\build\\default\\intermediates\\res\\default\\resources\\base\\profile","type":"directory","isSymbolicLink":false,"children":[{"hashValue":"fd386103e6eb3ddb373085a98efe0c79","name":"main_pages.json","path":"C:\\Users\\26397\\DevEcoStudioProjects\\search\\entry\\build\\default\\intermediates\\res\\default\\resources\\base\\profile\\main_pages.json","type":"file","isSymbolicLink":false,"fileMetaData":{"size":37,"lastModifiedTime":1709469240942}}]}]},{"hashValue":"","name":"rawfile","path":"C:\\Users\\26397\\DevEcoStudioProjects\\search\\entry\\build\\default\\intermediates\\res\\default\\resources\\rawfile","type":"directory","isSymbolicLink":false,"children":[]}]},{"hashValue":"49c84ca6785451ca5f5e1705e0ea1ccf","name":"resources.index","path":"C:\\Users\\26397\\DevEcoStudioProjects\\search\\entry\\build\\default\\intermediates\\res\\default\\resources.index","type":"file","isSymbolicLink":false,"fileMetaData":{"size":1302,"lastModifiedTime":1709476995635}},{"hashValue":"a26272e4dde29a90e11241eda38134c3","name":"ResourceTable.txt","path":"C:\\Users\\26397\\DevEcoStudioProjects\\search\\entry\\build\\default\\intermediates\\res\\default\\ResourceTable.txt","type":"file","isSymbolicLink":false,"fileMetaData":{"size":352,"lastModifiedTime":1709476995633}}]},"C:\\Users\\26397\\DevEcoStudioProjects\\search\\entry\\build\\default\\generated\\r\\default":{"hashValue":"f141df7f660fa7dfde7605708d112107","name":"default","path":"C:\\Users\\26397\\DevEcoStudioProjects\\search\\entry\\build\\default\\generated\\r\\default","type":"directory","isSymbolicLink":false,"children":[{"hashValue":"d054dd9434076d94613ff98263bb1cfd","name":"ResourceTable.h","path":"C:\\Users\\26397\\DevEcoStudioProjects\\search\\entry\\build\\default\\generated\\r\\default\\ResourceTable.h","type":"file","isSymbolicLink":false,"fileMetaData":{"size":1262,"lastModifiedTime":1709476995631}}]},"C:\\Users\\26397\\DevEcoStudioProjects\\search\\entry\\.preview\\config\\buildConfig.json":{"hashValue":"e782f9dd9f93bc963df56a0390609b1b","name":"buildConfig.json","path":"C:\\Users\\26397\\DevEcoStudioProjects\\search\\entry\\.preview\\config\\buildConfig.json","type":"file","isSymbolicLink":false,"fileMetaData":{"size":1881,"lastModifiedTime":1709476884472}},"C:\\Users\\26397\\DevEcoStudioProjects\\search\\entry\\.preview\\default\\intermediates\\res\\default\\module.json":{"hashValue":"b37a8f1636745219c9182c782deaa421","name":"module.json","path":"C:\\Users\\26397\\DevEcoStudioProjects\\search\\entry\\.preview\\default\\intermediates\\res\\default\\module.json","type":"file","isSymbolicLink":false,"fileMetaData":{"size":2042,"lastModifiedTime":1709476884900}},"C:\\Users\\26397\\DevEcoStudioProjects\\search\\entry\\.preview\\default\\intermediates\\res\\default\\resources\\base\\profile\\main_pages.json":{"hashValue":"bd369420e565041c68c6db469325ddf4","name":"main_pages.json","path":"C:\\Users\\26397\\DevEcoStudioProjects\\search\\entry\\.preview\\default\\intermediates\\res\\default\\resources\\base\\profile\\main_pages.json","type":"file","isSymbolicLink":false,"fileMetaData":{"size":23,"lastModifiedTime":1709476887176}},"C:\\Users\\26397\\DevEcoStudioProjects\\search\\entry\\.preview\\default\\intermediates\\loader\\default":{"hashValue":"0f1ef8223ee0644b901c85a86826db22","name":"default","path":"C:\\Users\\26397\\DevEcoStudioProjects\\search\\entry\\.preview\\default\\intermediates\\loader\\default","type":"directory","isSymbolicLink":false,"children":[{"hashValue":"b1e0d55ad1d82ad5882496efc4a471d7","name":"loader.json","path":"C:\\Users\\26397\\DevEcoStudioProjects\\search\\entry\\.preview\\default\\intermediates\\loader\\default\\loader.json","type":"file","isSymbolicLink":false,"fileMetaData":{"size":387,"lastModifiedTime":1709469600077}}]},"C:\\Users\\26397\\DevEcoStudioProjects\\search\\entry\\.preview\\default\\intermediates\\res\\default\\ResourceTable.txt":{"hashValue":"2c363a138a0db3c4ac53f7b484fc1cb4","name":"ResourceTable.txt","path":"C:\\Users\\26397\\DevEcoStudioProjects\\search\\entry\\.preview\\default\\intermediates\\res\\default\\ResourceTable.txt","type":"file","isSymbolicLink":false,"fileMetaData":{"size":352,"lastModifiedTime":1709476884900}},"C:\\Users\\26397\\DevEcoStudioProjects\\search\\entry\\.preview\\default\\intermediates\\res\\default\\resources\\base\\profile":{"hashValue":"5d663488a333c4be943b335813193d42","name":"profile","path":"C:\\Users\\26397\\DevEcoStudioProjects\\search\\entry\\.preview\\default\\intermediates\\res\\default\\resources\\base\\profile","type":"directory","isSymbolicLink":false,"children":[{"hashValue":"bd369420e565041c68c6db469325ddf4","name":"main_pages.json","path":"C:\\Users\\26397\\DevEcoStudioProjects\\search\\entry\\.preview\\default\\intermediates\\res\\default\\resources\\base\\profile\\main_pages.json","type":"file","isSymbolicLink":false,"fileMetaData":{"size":23,"lastModifiedTime":1709476887176}}]},"C:\\Users\\26397\\DevEcoStudioProjects\\search\\entry\\src\\main\\ets":{"hashValue":"12d198fbece45bbea97001c4b6725d1f","name":"ets","path":"C:\\Users\\26397\\DevEcoStudioProjects\\search\\entry\\src\\main\\ets","type":"directory","isSymbolicLink":false,"children":[{"hashValue":"86910f727160b04c3c0b307dea418ff3","name":"entryability","path":"C:\\Users\\26397\\DevEcoStudioProjects\\search\\entry\\src\\main\\ets\\entryability","type":"directory","isSymbolicLink":false,"children":[{"hashValue":"a9f60e178ffe09b68097a119426f7fb4","name":"EntryAbility.js","path":"C:\\Users\\26397\\DevEcoStudioProjects\\search\\entry\\src\\main\\ets\\entryability\\EntryAbility.js","type":"file","isSymbolicLink":false,"fileMetaData":{"size":1592,"lastModifiedTime":1709471361113}},{"hashValue":"6a38a05a81cb236607dca494db1feede","name":"EntryAbility.js.map","path":"C:\\Users\\26397\\DevEcoStudioProjects\\search\\entry\\src\\main\\ets\\entryability\\EntryAbility.js.map","type":"file","isSymbolicLink":false,"fileMetaData":{"size":1228,"lastModifiedTime":1709471361112}},{"hashValue":"c4e3b30ee945d441029df174bc6d682a","name":"EntryAbility.ts","path":"C:\\Users\\26397\\DevEcoStudioProjects\\search\\entry\\src\\main\\ets\\entryability\\EntryAbility.ts","type":"file","isSymbolicLink":false,"fileMetaData":{"size":1417,"lastModifiedTime":1709469241476}}]},{"hashValue":"a620a92f4ada5031e9a1b7fec980e4d9","name":"pages","path":"C:\\Users\\26397\\DevEcoStudioProjects\\search\\entry\\src\\main\\ets\\pages","type":"directory","isSymbolicLink":false,"children":[{"hashValue":"e966673c5fe8d353d986a028242b0e91","name":"Index.ets","path":"C:\\Users\\26397\\DevEcoStudioProjects\\search\\entry\\src\\main\\ets\\pages\\Index.ets","type":"file","isSymbolicLink":false,"fileMetaData":{"size":4220,"lastModifiedTime":1709479499410}},{"hashValue":"0e2a51a47a7e5e1315a7a76f3fa3e31f","name":"Index.js","path":"C:\\Users\\26397\\DevEcoStudioProjects\\search\\entry\\src\\main\\ets\\pages\\Index.js","type":"file","isSymbolicLink":false,"fileMetaData":{"size":281,"lastModifiedTime":1709471361114}},{"hashValue":"f19845bb5ad6ae6f0d09e1a827adbaba","name":"Index.js.map","path":"C:\\Users\\26397\\DevEcoStudioProjects\\search\\entry\\src\\main\\ets\\pages\\Index.js.map","type":"file","isSymbolicLink":false,"fileMetaData":{"size":335,"lastModifiedTime":1709471361114}}]}]},"C:\\Users\\26397\\DevEcoStudioProjects\\search\\entry\\build\\default\\generated\\r\\default\\ResourceTable.h":{"hashValue":"d054dd9434076d94613ff98263bb1cfd","name":"ResourceTable.h","path":"C:\\Users\\26397\\DevEcoStudioProjects\\search\\entry\\build\\default\\generated\\r\\default\\ResourceTable.h","type":"file","isSymbolicLink":false,"fileMetaData":{"size":1262,"lastModifiedTime":1709476995631}},"C:\\Users\\26397\\DevEcoStudioProjects\\search\\entry\\build\\default\\intermediates\\loader\\default":{"hashValue":"ee2773df89ff0dcbcde24968d7c9dfb6","name":"default","path":"C:\\Users\\26397\\DevEcoStudioProjects\\search\\entry\\build\\default\\intermediates\\loader\\default","type":"directory","isSymbolicLink":false,"children":[{"hashValue":"bd058151bda774fc84bd73146a21b3fd","name":"loader.json","path":"C:\\Users\\26397\\DevEcoStudioProjects\\search\\entry\\build\\default\\intermediates\\loader\\default\\loader.json","type":"file","isSymbolicLink":false,"fileMetaData":{"size":384,"lastModifiedTime":1709476995470}}]},"C:\\Users\\26397\\DevEcoStudioProjects\\search\\entry\\build\\default\\intermediates\\res\\default\\ResourceTable.txt":{"hashValue":"a26272e4dde29a90e11241eda38134c3","name":"ResourceTable.txt","path":"C:\\Users\\26397\\DevEcoStudioProjects\\search\\entry\\build\\default\\intermediates\\res\\default\\ResourceTable.txt","type":"file","isSymbolicLink":false,"fileMetaData":{"size":352,"lastModifiedTime":1709476995633}},"C:\\Users\\26397\\DevEcoStudioProjects\\search\\entry\\build\\default\\intermediates\\res\\default\\module.json":{"hashValue":"2cd778a6441d753820d6cd13a5837a0a","name":"module.json","path":"C:\\Users\\26397\\DevEcoStudioProjects\\search\\entry\\build\\default\\intermediates\\res\\default\\module.json","type":"file","isSymbolicLink":false,"fileMetaData":{"size":2042,"lastModifiedTime":1709476995635}},"C:\\Users\\26397\\DevEcoStudioProjects\\search\\entry\\build\\default\\intermediates\\res\\default\\resources\\base\\profile":{"hashValue":"d70c7d090897b8d8cc8b34202459eea1","name":"profile","path":"C:\\Users\\26397\\DevEcoStudioProjects\\search\\entry\\build\\default\\intermediates\\res\\default\\resources\\base\\profile","type":"directory","isSymbolicLink":false,"children":[{"hashValue":"fd386103e6eb3ddb373085a98efe0c79","name":"main_pages.json","path":"C:\\Users\\26397\\DevEcoStudioProjects\\search\\entry\\build\\default\\intermediates\\res\\default\\resources\\base\\profile\\main_pages.json","type":"file","isSymbolicLink":false,"fileMetaData":{"size":37,"lastModifiedTime":1709469240942}}]},"C:\\Users\\26397\\DevEcoStudioProjects\\search\\entry\\build\\default\\intermediates\\loader_out\\default\\ets":{"hashValue":"80e493a5090ca9fe5954b0a6ff867322","name":"ets","path":"C:\\Users\\26397\\DevEcoStudioProjects\\search\\entry\\build\\default\\intermediates\\loader_out\\default\\ets","type":"directory","isSymbolicLink":false,"children":[{"hashValue":"2b13c8412d846a20ff89ed51de937368","name":"entryability","path":"C:\\Users\\26397\\DevEcoStudioProjects\\search\\entry\\build\\default\\intermediates\\loader_out\\default\\ets\\entryability","type":"directory","isSymbolicLink":false,"children":[{"hashValue":"6a38a05a81cb236607dca494db1feede","name":"EntryAbility.js.map","path":"C:\\Users\\26397\\DevEcoStudioProjects\\search\\entry\\build\\default\\intermediates\\loader_out\\default\\ets\\entryability\\EntryAbility.js.map","type":"file","isSymbolicLink":false,"fileMetaData":{"size":1228,"lastModifiedTime":1709471361112}}]},{"hashValue":"432d09582fc603eacdb79f709be86901","name":"modules.abc","path":"C:\\Users\\26397\\DevEcoStudioProjects\\search\\entry\\build\\default\\intermediates\\loader_out\\default\\ets\\modules.abc","type":"file","isSymbolicLink":false,"fileMetaData":{"size":61088,"lastModifiedTime":1709479502345}},{"hashValue":"6773be5d1d180ccc84f58716b7dbe2de","name":"pages","path":"C:\\Users\\26397\\DevEcoStudioProjects\\search\\entry\\build\\default\\intermediates\\loader_out\\default\\ets\\pages","type":"directory","isSymbolicLink":false,"children":[{"hashValue":"f19845bb5ad6ae6f0d09e1a827adbaba","name":"Index.js.map","path":"C:\\Users\\26397\\DevEcoStudioProjects\\search\\entry\\build\\default\\intermediates\\loader_out\\default\\ets\\pages\\Index.js.map","type":"file","isSymbolicLink":false,"fileMetaData":{"size":335,"lastModifiedTime":1709471361114}}]},{"hashValue":"cb66de2b80eb0f69d3a16dbea548a00f","name":"sourceMaps.map","path":"C:\\Users\\26397\\DevEcoStudioProjects\\search\\entry\\build\\default\\intermediates\\loader_out\\default\\ets\\sourceMaps.map","type":"file","isSymbolicLink":false,"fileMetaData":{"size":40991,"lastModifiedTime":1709479502280}}]},"C:\\Users\\26397\\DevEcoStudioProjects\\search\\entry\\build\\default\\intermediates\\res\\default\\resources":{"hashValue":"74458f8d37838ede8287a505b9e2696c","name":"resources","path":"C:\\Users\\26397\\DevEcoStudioProjects\\search\\entry\\build\\default\\intermediates\\res\\default\\resources","type":"directory","isSymbolicLink":false,"children":[{"hashValue":"ffb6746536d3f971b1a6f0f3d732fbe2","name":"base","path":"C:\\Users\\26397\\DevEcoStudioProjects\\search\\entry\\build\\default\\intermediates\\res\\default\\resources\\base","type":"directory","isSymbolicLink":false,"children":[{"hashValue":"8e5edfc78d748b8edabf0e24fbfe9b21","name":"media","path":"C:\\Users\\26397\\DevEcoStudioProjects\\search\\entry\\build\\default\\intermediates\\res\\default\\resources\\base\\media","type":"directory","isSymbolicLink":false,"children":[{"hashValue":"fec719f199d28b88dfcfae9dbfd20cef","name":"app_icon.png","path":"C:\\Users\\26397\\DevEcoStudioProjects\\search\\entry\\build\\default\\intermediates\\res\\default\\resources\\base\\media\\app_icon.png","type":"file","isSymbolicLink":false,"fileMetaData":{"size":6790,"lastModifiedTime":1709469240791}},{"hashValue":"e1dc9a2cf608130189a4885734ec7694","name":"circle.png","path":"C:\\Users\\26397\\DevEcoStudioProjects\\search\\entry\\build\\default\\intermediates\\res\\default\\resources\\base\\media\\circle.png","type":"file","isSymbolicLink":false,"fileMetaData":{"size":1370,"lastModifiedTime":1709096630000}},{"hashValue":"d214ded9bde51c5de60ed579f9a9f018","name":"Copy3x.png","path":"C:\\Users\\26397\\DevEcoStudioProjects\\search\\entry\\build\\default\\intermediates\\res\\default\\resources\\base\\media\\Copy3x.png","type":"file","isSymbolicLink":false,"fileMetaData":{"size":2430,"lastModifiedTime":1709096630000}},{"hashValue":"4a1fa12df20e352fc2caa56e037060a0","name":"icon.png","path":"C:\\Users\\26397\\DevEcoStudioProjects\\search\\entry\\build\\default\\intermediates\\res\\default\\resources\\base\\media\\icon.png","type":"file","isSymbolicLink":false,"fileMetaData":{"size":6790,"lastModifiedTime":1709469240932}},{"hashValue":"b66f141e76002d5701f46624bdac4db4","name":"returnbutton.png","path":"C:\\Users\\26397\\DevEcoStudioProjects\\search\\entry\\build\\default\\intermediates\\res\\default\\resources\\base\\media\\returnbutton.png","type":"file","isSymbolicLink":false,"fileMetaData":{"size":500,"lastModifiedTime":1709096630000}},{"hashValue":"b77fddfd2857f7d77d57950eaf97a93d","name":"triangle.png","path":"C:\\Users\\26397\\DevEcoStudioProjects\\search\\entry\\build\\default\\intermediates\\res\\default\\resources\\base\\media\\triangle.png","type":"file","isSymbolicLink":false,"fileMetaData":{"size":367,"lastModifiedTime":1709096630000}}]},{"hashValue":"d70c7d090897b8d8cc8b34202459eea1","name":"profile","path":"C:\\Users\\26397\\DevEcoStudioProjects\\search\\entry\\build\\default\\intermediates\\res\\default\\resources\\base\\profile","type":"directory","isSymbolicLink":false,"children":[{"hashValue":"fd386103e6eb3ddb373085a98efe0c79","name":"main_pages.json","path":"C:\\Users\\26397\\DevEcoStudioProjects\\search\\entry\\build\\default\\intermediates\\res\\default\\resources\\base\\profile\\main_pages.json","type":"file","isSymbolicLink":false,"fileMetaData":{"size":37,"lastModifiedTime":1709469240942}}]}]},{"hashValue":"","name":"rawfile","path":"C:\\Users\\26397\\DevEcoStudioProjects\\search\\entry\\build\\default\\intermediates\\res\\default\\resources\\rawfile","type":"directory","isSymbolicLink":false,"children":[]}]},"C:\\Users\\26397\\DevEcoStudioProjects\\search\\entry\\build\\default\\intermediates\\res\\default\\resources.index":{"hashValue":"49c84ca6785451ca5f5e1705e0ea1ccf","name":"resources.index","path":"C:\\Users\\26397\\DevEcoStudioProjects\\search\\entry\\build\\default\\intermediates\\res\\default\\resources.index","type":"file","isSymbolicLink":false,"fileMetaData":{"size":1302,"lastModifiedTime":1709476995635}},"C:\\Users\\26397\\DevEcoStudioProjects\\search\\entry\\build\\default\\outputs\\default\\entry-default-unsigned.hap":{"hashValue":"f9c515023c86346323d23a007b29c9b2","name":"entry-default-unsigned.hap","path":"C:\\Users\\26397\\DevEcoStudioProjects\\search\\entry\\build\\default\\outputs\\default\\entry-default-unsigned.hap","type":"file","isSymbolicLink":false,"fileMetaData":{"size":127030,"lastModifiedTime":1709479502610}},"D:\\Vtour\\develop\\search\\AppScope\\app.json5":{"hashValue":"79d7f864d65cab64f2f72a383d9d49c8","name":"app.json5","path":"D:\\Vtour\\develop\\search\\AppScope\\app.json5","type":"file","isSymbolicLink":false,"fileMetaData":{"size":213,"lastModifiedTime":1709469242000}},"D:\\Vtour\\develop\\search\\entry\\src\\main\\module.json5":{"hashValue":"8532871041eaf15aace0eda78b7da3c3","name":"module.json5","path":"D:\\Vtour\\develop\\search\\entry\\src\\main\\module.json5","type":"file","isSymbolicLink":false,"fileMetaData":{"size":934,"lastModifiedTime":1709469242000}},"D:\\Vtour\\develop\\search\\entry\\.preview\\default\\intermediates\\merge_profile\\default\\module.json":{"hashValue":"500252ba6b8980e59296db2e73f2de39","name":"module.json","path":"D:\\Vtour\\develop\\search\\entry\\.preview\\default\\intermediates\\merge_profile\\default\\module.json","type":"file","isSymbolicLink":false,"fileMetaData":{"size":1056,"lastModifiedTime":1709542382683}},"D:\\Vtour\\develop\\search\\entry\\.preview\\default\\intermediates\\loader\\default\\loader.json":{"hashValue":"2048997df53fef438957fd7ba82fd803","name":"loader.json","path":"D:\\Vtour\\develop\\search\\entry\\.preview\\default\\intermediates\\loader\\default\\loader.json","type":"file","isSymbolicLink":false,"fileMetaData":{"size":327,"lastModifiedTime":1709542382733}},"D:\\Vtour\\develop\\search\\entry\\.preview\\default\\intermediates\\process_profile\\default\\module.json":{"hashValue":"5bfc0a52b9593ab83b6b6487f0a2f733","name":"module.json","path":"D:\\Vtour\\develop\\search\\entry\\.preview\\default\\intermediates\\process_profile\\default\\module.json","type":"file","isSymbolicLink":false,"fileMetaData":{"size":1141,"lastModifiedTime":1709542382878}},"D:\\Vtour\\develop\\search\\entry\\src\\main\\resources":{"hashValue":"bf202081aad071053442c129aa80f48a","name":"resources","path":"D:\\Vtour\\develop\\search\\entry\\src\\main\\resources","type":"directory","isSymbolicLink":false,"children":[{"hashValue":"e0a55bb4888dbe0cb070591a75c30f6c","name":"base","path":"D:\\Vtour\\develop\\search\\entry\\src\\main\\resources\\base","type":"directory","isSymbolicLink":false,"children":[{"hashValue":"5eb576fb9b83dbbb0ae8204e2d6d4466","name":"element","path":"D:\\Vtour\\develop\\search\\entry\\src\\main\\resources\\base\\element","type":"directory","isSymbolicLink":false,"children":[{"hashValue":"661421c825337e738867f6e555160d71","name":"color.json","path":"D:\\Vtour\\develop\\search\\entry\\src\\main\\resources\\base\\element\\color.json","type":"file","isSymbolicLink":false,"fileMetaData":{"size":105,"lastModifiedTime":1709469242000}},{"hashValue":"a4552864bf16c4646b773948c09e4369","name":"string.json","path":"D:\\Vtour\\develop\\search\\entry\\src\\main\\resources\\base\\element\\string.json","type":"file","isSymbolicLink":false,"fileMetaData":{"size":247,"lastModifiedTime":1709469242000}}]},{"hashValue":"0eaa78f5bd3ba5df6e3b5f57d1d10371","name":"media","path":"D:\\Vtour\\develop\\search\\entry\\src\\main\\resources\\base\\media","type":"directory","isSymbolicLink":false,"children":[{"hashValue":"e1dc9a2cf608130189a4885734ec7694","name":"circle.png","path":"D:\\Vtour\\develop\\search\\entry\\src\\main\\resources\\base\\media\\circle.png","type":"file","isSymbolicLink":false,"fileMetaData":{"size":1370,"lastModifiedTime":1709096630000}},{"hashValue":"90f7bf3e45fdae511b357698090e13af","name":"icon.png","path":"D:\\Vtour\\develop\\search\\entry\\src\\main\\resources\\base\\media\\icon.png","type":"file","isSymbolicLink":false,"fileMetaData":{"size":6790,"lastModifiedTime":1709469242000}},{"hashValue":"b66f141e76002d5701f46624bdac4db4","name":"returnbutton.png","path":"D:\\Vtour\\develop\\search\\entry\\src\\main\\resources\\base\\media\\returnbutton.png","type":"file","isSymbolicLink":false,"fileMetaData":{"size":500,"lastModifiedTime":1709096630000}},{"hashValue":"b77fddfd2857f7d77d57950eaf97a93d","name":"triangle.png","path":"D:\\Vtour\\develop\\search\\entry\\src\\main\\resources\\base\\media\\triangle.png","type":"file","isSymbolicLink":false,"fileMetaData":{"size":367,"lastModifiedTime":1709096630000}}]},{"hashValue":"54fd1f10cce426bf79f2f6ed164bd3fc","name":"profile","path":"D:\\Vtour\\develop\\search\\entry\\src\\main\\resources\\base\\profile","type":"directory","isSymbolicLink":false,"children":[{"hashValue":"51d2408724c3d33c775360d0a9fad911","name":"main_pages.json","path":"D:\\Vtour\\develop\\search\\entry\\src\\main\\resources\\base\\profile\\main_pages.json","type":"file","isSymbolicLink":false,"fileMetaData":{"size":37,"lastModifiedTime":1709469242000}}]}]},{"hashValue":"68410179252147a642b0a4f8af77b7f4","name":"en_US","path":"D:\\Vtour\\develop\\search\\entry\\src\\main\\resources\\en_US","type":"directory","isSymbolicLink":false,"children":[{"hashValue":"9ef6641ba6e2be967f58fd223102f4a5","name":"element","path":"D:\\Vtour\\develop\\search\\entry\\src\\main\\resources\\en_US\\element","type":"directory","isSymbolicLink":false,"children":[{"hashValue":"a4552864bf16c4646b773948c09e4369","name":"string.json","path":"D:\\Vtour\\develop\\search\\entry\\src\\main\\resources\\en_US\\element\\string.json","type":"file","isSymbolicLink":false,"fileMetaData":{"size":247,"lastModifiedTime":1709469242000}}]}]},{"hashValue":"","name":"rawfile","path":"D:\\Vtour\\develop\\search\\entry\\src\\main\\resources\\rawfile","type":"directory","isSymbolicLink":false,"children":[]},{"hashValue":"267a9a4a2538b24848f7c8d4acb81be9","name":"zh_CN","path":"D:\\Vtour\\develop\\search\\entry\\src\\main\\resources\\zh_CN","type":"directory","isSymbolicLink":false,"children":[{"hashValue":"4ed2474dc321d6ad639c68e1606be80b","name":"element","path":"D:\\Vtour\\develop\\search\\entry\\src\\main\\resources\\zh_CN\\element","type":"directory","isSymbolicLink":false,"children":[{"hashValue":"3630621a16bfbc2cef21d0f7ba189a01","name":"string.json","path":"D:\\Vtour\\develop\\search\\entry\\src\\main\\resources\\zh_CN\\element\\string.json","type":"file","isSymbolicLink":false,"fileMetaData":{"size":241,"lastModifiedTime":1709469242000}}]}]}]},"D:\\Vtour\\develop\\search\\AppScope\\resources":{"hashValue":"f3b85982d53c8146d5750a20f815f907","name":"resources","path":"D:\\Vtour\\develop\\search\\AppScope\\resources","type":"directory","isSymbolicLink":false,"children":[{"hashValue":"b259174490f6b36dae3c0f3cb3301117","name":"base","path":"D:\\Vtour\\develop\\search\\AppScope\\resources\\base","type":"directory","isSymbolicLink":false,"children":[{"hashValue":"e9cf4a5f91aff8bbefc2261ce0a20732","name":"element","path":"D:\\Vtour\\develop\\search\\AppScope\\resources\\base\\element","type":"directory","isSymbolicLink":false,"children":[{"hashValue":"b27d98fcb77e36446bf17bcb394516a1","name":"string.json","path":"D:\\Vtour\\develop\\search\\AppScope\\resources\\base\\element\\string.json","type":"file","isSymbolicLink":false,"fileMetaData":{"size":92,"lastModifiedTime":1709469242000}}]},{"hashValue":"9ab536f0d1baffd0f567a46143114b1b","name":"media","path":"D:\\Vtour\\develop\\search\\AppScope\\resources\\base\\media","type":"directory","isSymbolicLink":false,"children":[{"hashValue":"ceed38894911a8b0e83795d6b214ccad","name":"app_icon.png","path":"D:\\Vtour\\develop\\search\\AppScope\\resources\\base\\media\\app_icon.png","type":"file","isSymbolicLink":false,"fileMetaData":{"size":6790,"lastModifiedTime":1709469242000}}]}]}]},"D:\\Vtour\\develop\\search\\entry\\.preview\\default\\intermediates\\res\\default":{"hashValue":"ded184c561bfe39b0d82ec1d94c72b97","name":"default","path":"D:\\Vtour\\develop\\search\\entry\\.preview\\default\\intermediates\\res\\default","type":"directory","isSymbolicLink":false,"children":[{"hashValue":"1872c1ad77118df2c5e222883bf02f0e","name":"app_compiled","path":"D:\\Vtour\\develop\\search\\entry\\.preview\\default\\intermediates\\res\\default\\app_compiled","type":"directory","isSymbolicLink":false,"children":[{"hashValue":"c8e0196d2acafdad7a9a7f9070542f59","name":"12587794008520638924","path":"D:\\Vtour\\develop\\search\\entry\\.preview\\default\\intermediates\\res\\default\\app_compiled\\12587794008520638924","type":"file","isSymbolicLink":false,"fileMetaData":{"size":172,"lastModifiedTime":1709542383750}},{"hashValue":"88e4c2714d946a3e8b90b707723b246b","name":"14223113656070495537","path":"D:\\Vtour\\develop\\search\\entry\\.preview\\default\\intermediates\\res\\default\\app_compiled\\14223113656070495537","type":"file","isSymbolicLink":false,"fileMetaData":{"size":109,"lastModifiedTime":1709542383737}}]},{"hashValue":"764a085555922f3622078fb1a930d6be","name":"module_compiled","path":"D:\\Vtour\\develop\\search\\entry\\.preview\\default\\intermediates\\res\\default\\module_compiled","type":"directory","isSymbolicLink":false,"children":[{"hashValue":"a80f265331fe39fcef4e16bb2fd4a9b5","name":"11137683238768015424","path":"D:\\Vtour\\develop\\search\\entry\\.preview\\default\\intermediates\\res\\default\\module_compiled\\11137683238768015424","type":"file","isSymbolicLink":false,"fileMetaData":{"size":383,"lastModifiedTime":1709542383814}},{"hashValue":"916a83a9478f085d954d9f870de0422e","name":"13385633935416643981","path":"D:\\Vtour\\develop\\search\\entry\\.preview\\default\\intermediates\\res\\default\\module_compiled\\13385633935416643981","type":"file","isSymbolicLink":false,"fileMetaData":{"size":431,"lastModifiedTime":1709542383944}},{"hashValue":"1dfbf75f20336cf76089023678280096","name":"15144324949639307016","path":"D:\\Vtour\\develop\\search\\entry\\.preview\\default\\intermediates\\res\\default\\module_compiled\\15144324949639307016","type":"file","isSymbolicLink":false,"fileMetaData":{"size":172,"lastModifiedTime":1709542383843}},{"hashValue":"8d217dbcc9f8b9b9fe50d92eb1faf6fe","name":"15548270102638331247","path":"D:\\Vtour\\develop\\search\\entry\\.preview\\default\\intermediates\\res\\default\\module_compiled\\15548270102638331247","type":"file","isSymbolicLink":false,"fileMetaData":{"size":437,"lastModifiedTime":1709542383932}},{"hashValue":"4a3c4400eef06d451b8f3fccc41e2e10","name":"16238528694522085709","path":"D:\\Vtour\\develop\\search\\entry\\.preview\\default\\intermediates\\res\\default\\module_compiled\\16238528694522085709","type":"file","isSymbolicLink":false,"fileMetaData":{"size":197,"lastModifiedTime":1709542383920}},{"hashValue":"e4835ddb432a5d33d56a69f7834cf799","name":"17788372281131650548","path":"D:\\Vtour\\develop\\search\\entry\\.preview\\default\\intermediates\\res\\default\\module_compiled\\17788372281131650548","type":"file","isSymbolicLink":false,"fileMetaData":{"size":184,"lastModifiedTime":1709542383887}},{"hashValue":"a5bed7662618e4471915fe5ad2c82320","name":"4274766202968460257","path":"D:\\Vtour\\develop\\search\\entry\\.preview\\default\\intermediates\\res\\default\\module_compiled\\4274766202968460257","type":"file","isSymbolicLink":false,"fileMetaData":{"size":178,"lastModifiedTime":1709542383842}},{"hashValue":"2c36705da86526f4e85062cbd76b3854","name":"428998187551601893","path":"D:\\Vtour\\develop\\search\\entry\\.preview\\default\\intermediates\\res\\default\\module_compiled\\428998187551601893","type":"file","isSymbolicLink":false,"fileMetaData":{"size":130,"lastModifiedTime":1709542383802}},{"hashValue":"dedbe207a5c634989df41ca2668b0382","name":"5628876399613586652","path":"D:\\Vtour\\develop\\search\\entry\\.preview\\default\\intermediates\\res\\default\\module_compiled\\5628876399613586652","type":"file","isSymbolicLink":false,"fileMetaData":{"size":196,"lastModifiedTime":1709542383875}}]},{"hashValue":"2dd963eb4b74ededba2318f2ad1f2fef","name":"module.json","path":"D:\\Vtour\\develop\\search\\entry\\.preview\\default\\intermediates\\res\\default\\module.json","type":"file","isSymbolicLink":false,"fileMetaData":{"size":2042,"lastModifiedTime":1709542384037}},{"hashValue":"a109fceef7fe04174a62aed97e1a8f42","name":"resources","path":"D:\\Vtour\\develop\\search\\entry\\.preview\\default\\intermediates\\res\\default\\resources","type":"directory","isSymbolicLink":false,"children":[{"hashValue":"abdf9c06f341dc74130fd1847f621650","name":"base","path":"D:\\Vtour\\develop\\search\\entry\\.preview\\default\\intermediates\\res\\default\\resources\\base","type":"directory","isSymbolicLink":false,"children":[{"hashValue":"760b6d6503766b7a7022cacc2527290a","name":"profile","path":"D:\\Vtour\\develop\\search\\entry\\.preview\\default\\intermediates\\res\\default\\resources\\base\\profile","type":"directory","isSymbolicLink":false,"children":[{"hashValue":"a3727ceac3c3fc99b51a1d216a03bf30","name":"main_pages.json","path":"D:\\Vtour\\develop\\search\\entry\\.preview\\default\\intermediates\\res\\default\\resources\\base\\profile\\main_pages.json","type":"file","isSymbolicLink":false,"fileMetaData":{"size":23,"lastModifiedTime":1709542388018}}]}]}]},{"hashValue":"196e284f82004693436da76c75ab5e95","name":"resources.index","path":"D:\\Vtour\\develop\\search\\entry\\.preview\\default\\intermediates\\res\\default\\resources.index","type":"file","isSymbolicLink":false,"fileMetaData":{"size":1425,"lastModifiedTime":1709542384015}},{"hashValue":"a6b027fbe3155f26af91489c996ffb2b","name":"ResourceTable.txt","path":"D:\\Vtour\\develop\\search\\entry\\.preview\\default\\intermediates\\res\\default\\ResourceTable.txt","type":"file","isSymbolicLink":false,"fileMetaData":{"size":328,"lastModifiedTime":1709542384051}}]},"D:\\Vtour\\develop\\search\\entry\\.preview\\default\\generated\\r\\default\\ResourceTable.h":{"hashValue":"78a0b6ee3e890a2b41585a6706545b2d","name":"ResourceTable.h","path":"D:\\Vtour\\develop\\search\\entry\\.preview\\default\\generated\\r\\default\\ResourceTable.h","type":"file","isSymbolicLink":false,"fileMetaData":{"size":1221,"lastModifiedTime":1709542384039}},"D:\\Vtour\\develop\\search\\entry\\.preview\\default\\generated\\r\\default":{"hashValue":"113e0264ec8a7390707e9e8c3e03385d","name":"default","path":"D:\\Vtour\\develop\\search\\entry\\.preview\\default\\generated\\r\\default","type":"directory","isSymbolicLink":false,"children":[{"hashValue":"78a0b6ee3e890a2b41585a6706545b2d","name":"ResourceTable.h","path":"D:\\Vtour\\develop\\search\\entry\\.preview\\default\\generated\\r\\default\\ResourceTable.h","type":"file","isSymbolicLink":false,"fileMetaData":{"size":1221,"lastModifiedTime":1709542384039}}]},"D:\\Vtour\\develop\\search\\entry\\.preview\\config\\buildConfig.json":{"hashValue":"6c6f538362872c36b7af86d9d897b772","name":"buildConfig.json","path":"D:\\Vtour\\develop\\search\\entry\\.preview\\config\\buildConfig.json","type":"file","isSymbolicLink":false,"fileMetaData":{"size":1628,"lastModifiedTime":1710162301707}},"D:\\Vtour\\develop\\search\\entry\\.preview\\default\\intermediates\\res\\default\\module.json":{"hashValue":"2dd963eb4b74ededba2318f2ad1f2fef","name":"module.json","path":"D:\\Vtour\\develop\\search\\entry\\.preview\\default\\intermediates\\res\\default\\module.json","type":"file","isSymbolicLink":false,"fileMetaData":{"size":2042,"lastModifiedTime":1709542384037}},"D:\\Vtour\\develop\\search\\entry\\.preview\\default\\intermediates\\res\\default\\resources\\base\\profile\\main_pages.json":{"hashValue":"b2e1e673ce1de23c08eaa6350e63b42e","name":"main_pages.json","path":"D:\\Vtour\\develop\\search\\entry\\.preview\\default\\intermediates\\res\\default\\resources\\base\\profile\\main_pages.json","type":"file","isSymbolicLink":false,"fileMetaData":{"size":23,"lastModifiedTime":1710162305792}},"D:\\Vtour\\develop\\search\\entry\\.preview\\default\\intermediates\\loader\\default":{"hashValue":"c8f2dd35e458c494e697b122502261e2","name":"default","path":"D:\\Vtour\\develop\\search\\entry\\.preview\\default\\intermediates\\loader\\default","type":"directory","isSymbolicLink":false,"children":[{"hashValue":"2048997df53fef438957fd7ba82fd803","name":"loader.json","path":"D:\\Vtour\\develop\\search\\entry\\.preview\\default\\intermediates\\loader\\default\\loader.json","type":"file","isSymbolicLink":false,"fileMetaData":{"size":327,"lastModifiedTime":1709542382733}}]},"D:\\Vtour\\develop\\search\\entry\\.preview\\default\\intermediates\\res\\default\\ResourceTable.txt":{"hashValue":"a6b027fbe3155f26af91489c996ffb2b","name":"ResourceTable.txt","path":"D:\\Vtour\\develop\\search\\entry\\.preview\\default\\intermediates\\res\\default\\ResourceTable.txt","type":"file","isSymbolicLink":false,"fileMetaData":{"size":328,"lastModifiedTime":1709542384051}},"D:\\Vtour\\develop\\search\\entry\\.preview\\default\\intermediates\\res\\default\\resources\\base\\profile":{"hashValue":"bdaf60c78177ce04f4209d85af39e877","name":"profile","path":"D:\\Vtour\\develop\\search\\entry\\.preview\\default\\intermediates\\res\\default\\resources\\base\\profile","type":"directory","isSymbolicLink":false,"children":[{"hashValue":"c75e28bf38c1c8cc013021dd60bc88dd","name":"main_pages.json","path":"D:\\Vtour\\develop\\search\\entry\\.preview\\default\\intermediates\\res\\default\\resources\\base\\profile\\main_pages.json","type":"file","isSymbolicLink":false,"fileMetaData":{"size":23,"lastModifiedTime":1710162302206}}]},"D:\\Vtour\\develop\\search\\entry\\src\\main\\ets":{"hashValue":"fe7a604941767f97e29913f5ce08c078","name":"ets","path":"D:\\Vtour\\develop\\search\\entry\\src\\main\\ets","type":"directory","isSymbolicLink":false,"children":[{"hashValue":"339c799bf2287fd29a6390890b514b3f","name":"entryability","path":"D:\\Vtour\\develop\\search\\entry\\src\\main\\ets\\entryability","type":"directory","isSymbolicLink":false,"children":[{"hashValue":"e59d7235b2b6d079d26c7571353820f2","name":"EntryAbility.js","path":"D:\\Vtour\\develop\\search\\entry\\src\\main\\ets\\entryability\\EntryAbility.js","type":"file","isSymbolicLink":false,"fileMetaData":{"size":1592,"lastModifiedTime":1709471362000}},{"hashValue":"2959a09c8f22923a682b4bfac4838b9b","name":"EntryAbility.js.map","path":"D:\\Vtour\\develop\\search\\entry\\src\\main\\ets\\entryability\\EntryAbility.js.map","type":"file","isSymbolicLink":false,"fileMetaData":{"size":1228,"lastModifiedTime":1709471362000}},{"hashValue":"d5c4107aabe1360d9db43af22998d77b","name":"EntryAbility.ts","path":"D:\\Vtour\\develop\\search\\entry\\src\\main\\ets\\entryability\\EntryAbility.ts","type":"file","isSymbolicLink":false,"fileMetaData":{"size":1417,"lastModifiedTime":1709469242000}}]},{"hashValue":"8a464460a90e8ff304b70bf30f62550e","name":"pages","path":"D:\\Vtour\\develop\\search\\entry\\src\\main\\ets\\pages","type":"directory","isSymbolicLink":false,"children":[{"hashValue":"2b3f196cdab93419af8066a91f945ead","name":"Index.ets","path":"D:\\Vtour\\develop\\search\\entry\\src\\main\\ets\\pages\\Index.ets","type":"file","isSymbolicLink":false,"fileMetaData":{"size":4520,"lastModifiedTime":1709541818000}},{"hashValue":"536d7020648334b07368d960b5ba96a7","name":"Index.js","path":"D:\\Vtour\\develop\\search\\entry\\src\\main\\ets\\pages\\Index.js","type":"file","isSymbolicLink":false,"fileMetaData":{"size":281,"lastModifiedTime":1709471362000}},{"hashValue":"dd7f0d1e2ae6666552c7d3f37ddaae65","name":"Index.js.map","path":"D:\\Vtour\\develop\\search\\entry\\src\\main\\ets\\pages\\Index.js.map","type":"file","isSymbolicLink":false,"fileMetaData":{"size":335,"lastModifiedTime":1709471362000}}]}]},"E:\\Vtour\\develop\\search\\AppScope\\app.json5":{"hashValue":"79d7f864d65cab64f2f72a383d9d49c8","name":"app.json5","path":"E:\\Vtour\\develop\\search\\AppScope\\app.json5","type":"file","isSymbolicLink":false,"fileMetaData":{"size":213,"lastModifiedTime":1709469242000}},"E:\\Vtour\\develop\\search\\entry\\src\\main\\module.json5":{"hashValue":"8532871041eaf15aace0eda78b7da3c3","name":"module.json5","path":"E:\\Vtour\\develop\\search\\entry\\src\\main\\module.json5","type":"file","isSymbolicLink":false,"fileMetaData":{"size":934,"lastModifiedTime":1709469242000}},"E:\\Vtour\\develop\\search\\entry\\.preview\\default\\intermediates\\merge_profile\\default\\module.json":{"hashValue":"b7bd9a861be5fd8fad04599fa3b05faf","name":"module.json","path":"E:\\Vtour\\develop\\search\\entry\\.preview\\default\\intermediates\\merge_profile\\default\\module.json","type":"file","isSymbolicLink":false,"fileMetaData":{"size":1056,"lastModifiedTime":1744627751201}},"E:\\Vtour\\develop\\search\\entry\\.preview\\default\\intermediates\\loader\\default\\loader.json":{"hashValue":"07754dfe6a803a6605942da005ff98e8","name":"loader.json","path":"E:\\Vtour\\develop\\search\\entry\\.preview\\default\\intermediates\\loader\\default\\loader.json","type":"file","isSymbolicLink":false,"fileMetaData":{"size":327,"lastModifiedTime":1744627751332}},"E:\\Vtour\\develop\\search\\entry\\.preview\\default\\intermediates\\process_profile\\default\\module.json":{"hashValue":"740ad6d777c65f9286d5889a552bc5b4","name":"module.json","path":"E:\\Vtour\\develop\\search\\entry\\.preview\\default\\intermediates\\process_profile\\default\\module.json","type":"file","isSymbolicLink":false,"fileMetaData":{"size":1141,"lastModifiedTime":1744627751562}},"{\"commandList\":[\"C:\\\\Users\\\\TIANXUAN3rd\\\\AppData\\\\Local\\\\Huawei\\\\Sdk\\\\openharmony\\\\9\\\\toolchains\\\\restool.exe\",\"-m\",\"entry\",\"-f\",\"-j\",\"E:\\\\Vtour\\\\develop\\\\search\\\\entry\\\\.preview\\\\default\\\\intermediates\\\\process_profile\\\\default\\\\module.json\",\"-p\",\"com.example.search\",\"-o\",\"E:\\\\Vtour\\\\develop\\\\search\\\\entry\\\\.preview\\\\default\\\\intermediates\\\\res\\\\default\",\"-r\",\"E:\\\\Vtour\\\\develop\\\\search\\\\entry\\\\.preview\\\\default\\\\generated\\\\r\\\\default\\\\ResourceTable.h\"],\"inputFiles\":{\"_group\":{}},\"outputFiles\":{\"_group\":{}},\"existsResourceDir\":true,\"restoolLinkParamObj\":{\"appScopeResources\":\"E:\\\\Vtour\\\\develop\\\\search\\\\AppScope\\\\resources\",\"moduleResourcesMap\":{},\"harResourcesMap\":{},\"outputPath\":\"E:\\\\Vtour\\\\develop\\\\search\\\\entry\\\\.preview\\\\default\\\\intermediates\\\\res\\\\default\",\"linkCommand\":[\"C:\\\\Users\\\\TIANXUAN3rd\\\\AppData\\\\Local\\\\Huawei\\\\Sdk\\\\openharmony\\\\9\\\\toolchains\\\\restool.exe\",\"-m\",\"entry\",\"-f\",\"-j\",\"E:\\\\Vtour\\\\develop\\\\search\\\\entry\\\\.preview\\\\default\\\\intermediates\\\\process_profile\\\\default\\\\module.json\",\"-p\",\"com.example.search\",\"-r\",\"E:\\\\Vtour\\\\develop\\\\search\\\\entry\\\\.preview\\\\default\\\\generated\\\\r\\\\default\\\\ResourceTable.h\",\"-z\"]}}":{"hashValue":"","name":"emptyroot","path":"","type":"unknown","isSymbolicLink":false,"children":[]},"E:\\Vtour\\develop\\search\\entry\\src\\main\\resources":{"hashValue":"bf202081aad071053442c129aa80f48a","name":"resources","path":"E:\\Vtour\\develop\\search\\entry\\src\\main\\resources","type":"directory","isSymbolicLink":false,"children":[{"hashValue":"e0a55bb4888dbe0cb070591a75c30f6c","name":"base","path":"E:\\Vtour\\develop\\search\\entry\\src\\main\\resources\\base","type":"directory","isSymbolicLink":false,"children":[{"hashValue":"5eb576fb9b83dbbb0ae8204e2d6d4466","name":"element","path":"E:\\Vtour\\develop\\search\\entry\\src\\main\\resources\\base\\element","type":"directory","isSymbolicLink":false,"children":[{"hashValue":"661421c825337e738867f6e555160d71","name":"color.json","path":"E:\\Vtour\\develop\\search\\entry\\src\\main\\resources\\base\\element\\color.json","type":"file","isSymbolicLink":false,"fileMetaData":{"size":105,"lastModifiedTime":1709469242000}},{"hashValue":"a4552864bf16c4646b773948c09e4369","name":"string.json","path":"E:\\Vtour\\develop\\search\\entry\\src\\main\\resources\\base\\element\\string.json","type":"file","isSymbolicLink":false,"fileMetaData":{"size":247,"lastModifiedTime":1709469242000}}]},{"hashValue":"0eaa78f5bd3ba5df6e3b5f57d1d10371","name":"media","path":"E:\\Vtour\\develop\\search\\entry\\src\\main\\resources\\base\\media","type":"directory","isSymbolicLink":false,"children":[{"hashValue":"e1dc9a2cf608130189a4885734ec7694","name":"circle.png","path":"E:\\Vtour\\develop\\search\\entry\\src\\main\\resources\\base\\media\\circle.png","type":"file","isSymbolicLink":false,"fileMetaData":{"size":1370,"lastModifiedTime":1709096630000}},{"hashValue":"90f7bf3e45fdae511b357698090e13af","name":"icon.png","path":"E:\\Vtour\\develop\\search\\entry\\src\\main\\resources\\base\\media\\icon.png","type":"file","isSymbolicLink":false,"fileMetaData":{"size":6790,"lastModifiedTime":1709469242000}},{"hashValue":"b66f141e76002d5701f46624bdac4db4","name":"returnbutton.png","path":"E:\\Vtour\\develop\\search\\entry\\src\\main\\resources\\base\\media\\returnbutton.png","type":"file","isSymbolicLink":false,"fileMetaData":{"size":500,"lastModifiedTime":1709096630000}},{"hashValue":"b77fddfd2857f7d77d57950eaf97a93d","name":"triangle.png","path":"E:\\Vtour\\develop\\search\\entry\\src\\main\\resources\\base\\media\\triangle.png","type":"file","isSymbolicLink":false,"fileMetaData":{"size":367,"lastModifiedTime":1709096630000}}]},{"hashValue":"54fd1f10cce426bf79f2f6ed164bd3fc","name":"profile","path":"E:\\Vtour\\develop\\search\\entry\\src\\main\\resources\\base\\profile","type":"directory","isSymbolicLink":false,"children":[{"hashValue":"51d2408724c3d33c775360d0a9fad911","name":"main_pages.json","path":"E:\\Vtour\\develop\\search\\entry\\src\\main\\resources\\base\\profile\\main_pages.json","type":"file","isSymbolicLink":false,"fileMetaData":{"size":37,"lastModifiedTime":1709469242000}}]}]},{"hashValue":"68410179252147a642b0a4f8af77b7f4","name":"en_US","path":"E:\\Vtour\\develop\\search\\entry\\src\\main\\resources\\en_US","type":"directory","isSymbolicLink":false,"children":[{"hashValue":"9ef6641ba6e2be967f58fd223102f4a5","name":"element","path":"E:\\Vtour\\develop\\search\\entry\\src\\main\\resources\\en_US\\element","type":"directory","isSymbolicLink":false,"children":[{"hashValue":"a4552864bf16c4646b773948c09e4369","name":"string.json","path":"E:\\Vtour\\develop\\search\\entry\\src\\main\\resources\\en_US\\element\\string.json","type":"file","isSymbolicLink":false,"fileMetaData":{"size":247,"lastModifiedTime":1709469242000}}]}]},{"hashValue":"","name":"rawfile","path":"E:\\Vtour\\develop\\search\\entry\\src\\main\\resources\\rawfile","type":"directory","isSymbolicLink":false,"children":[]},{"hashValue":"267a9a4a2538b24848f7c8d4acb81be9","name":"zh_CN","path":"E:\\Vtour\\develop\\search\\entry\\src\\main\\resources\\zh_CN","type":"directory","isSymbolicLink":false,"children":[{"hashValue":"4ed2474dc321d6ad639c68e1606be80b","name":"element","path":"E:\\Vtour\\develop\\search\\entry\\src\\main\\resources\\zh_CN\\element","type":"directory","isSymbolicLink":false,"children":[{"hashValue":"3630621a16bfbc2cef21d0f7ba189a01","name":"string.json","path":"E:\\Vtour\\develop\\search\\entry\\src\\main\\resources\\zh_CN\\element\\string.json","type":"file","isSymbolicLink":false,"fileMetaData":{"size":241,"lastModifiedTime":1709469242000}}]}]}]},"E:\\Vtour\\develop\\search\\AppScope\\resources":{"hashValue":"f3b85982d53c8146d5750a20f815f907","name":"resources","path":"E:\\Vtour\\develop\\search\\AppScope\\resources","type":"directory","isSymbolicLink":false,"children":[{"hashValue":"b259174490f6b36dae3c0f3cb3301117","name":"base","path":"E:\\Vtour\\develop\\search\\AppScope\\resources\\base","type":"directory","isSymbolicLink":false,"children":[{"hashValue":"e9cf4a5f91aff8bbefc2261ce0a20732","name":"element","path":"E:\\Vtour\\develop\\search\\AppScope\\resources\\base\\element","type":"directory","isSymbolicLink":false,"children":[{"hashValue":"b27d98fcb77e36446bf17bcb394516a1","name":"string.json","path":"E:\\Vtour\\develop\\search\\AppScope\\resources\\base\\element\\string.json","type":"file","isSymbolicLink":false,"fileMetaData":{"size":92,"lastModifiedTime":1709469242000}}]},{"hashValue":"9ab536f0d1baffd0f567a46143114b1b","name":"media","path":"E:\\Vtour\\develop\\search\\AppScope\\resources\\base\\media","type":"directory","isSymbolicLink":false,"children":[{"hashValue":"ceed38894911a8b0e83795d6b214ccad","name":"app_icon.png","path":"E:\\Vtour\\develop\\search\\AppScope\\resources\\base\\media\\app_icon.png","type":"file","isSymbolicLink":false,"fileMetaData":{"size":6790,"lastModifiedTime":1709469242000}}]}]}]},"E:\\Vtour\\develop\\search\\entry\\.preview\\default\\intermediates\\res\\default":{"hashValue":"d51d11e1f3c8a5e320159c3c844e033f","name":"default","path":"E:\\Vtour\\develop\\search\\entry\\.preview\\default\\intermediates\\res\\default","type":"directory","isSymbolicLink":false,"children":[{"hashValue":"7d06902893968ed315f5ecaffca67f0c","name":"app_compiled","path":"E:\\Vtour\\develop\\search\\entry\\.preview\\default\\intermediates\\res\\default\\app_compiled","type":"directory","isSymbolicLink":false,"children":[{"hashValue":"6ab4c879749cca435629ab1696a999a6","name":"10196809129704413018","path":"E:\\Vtour\\develop\\search\\entry\\.preview\\default\\intermediates\\res\\default\\app_compiled\\10196809129704413018","type":"file","isSymbolicLink":false,"fileMetaData":{"size":109,"lastModifiedTime":1744627751719}},{"hashValue":"3164791831c9834932c27b129b45a81e","name":"2334986566830816770","path":"E:\\Vtour\\develop\\search\\entry\\.preview\\default\\intermediates\\res\\default\\app_compiled\\2334986566830816770","type":"file","isSymbolicLink":false,"fileMetaData":{"size":172,"lastModifiedTime":1744627751721}}]},{"hashValue":"f9865b815ddc4fe47b07504ace0d4216","name":"module_compiled","path":"E:\\Vtour\\develop\\search\\entry\\.preview\\default\\intermediates\\res\\default\\module_compiled","type":"directory","isSymbolicLink":false,"children":[{"hashValue":"60b6c4312a2492f7af2489b206f27788","name":"13424696026666919618","path":"E:\\Vtour\\develop\\search\\entry\\.preview\\default\\intermediates\\res\\default\\module_compiled\\13424696026666919618","type":"file","isSymbolicLink":false,"fileMetaData":{"size":437,"lastModifiedTime":1744627751825}},{"hashValue":"bfb409d5a82dd5d72669818bbf1f9793","name":"14639560422186707495","path":"E:\\Vtour\\develop\\search\\entry\\.preview\\default\\intermediates\\res\\default\\module_compiled\\14639560422186707495","type":"file","isSymbolicLink":false,"fileMetaData":{"size":197,"lastModifiedTime":1744627751823}},{"hashValue":"50336d06bf191681eb4efe9724633da0","name":"1631660541621639770","path":"E:\\Vtour\\develop\\search\\entry\\.preview\\default\\intermediates\\res\\default\\module_compiled\\1631660541621639770","type":"file","isSymbolicLink":false,"fileMetaData":{"size":383,"lastModifiedTime":1744627751789}},{"hashValue":"59637e3f2df123709e19f9b527050e44","name":"16521821004727972820","path":"E:\\Vtour\\develop\\search\\entry\\.preview\\default\\intermediates\\res\\default\\module_compiled\\16521821004727972820","type":"file","isSymbolicLink":false,"fileMetaData":{"size":178,"lastModifiedTime":1744627751802}},{"hashValue":"63493bf366e177545a2de7dc76a3b91a","name":"2937255973856031808","path":"E:\\Vtour\\develop\\search\\entry\\.preview\\default\\intermediates\\res\\default\\module_compiled\\2937255973856031808","type":"file","isSymbolicLink":false,"fileMetaData":{"size":196,"lastModifiedTime":1744627751820}},{"hashValue":"5a41a437d452f858667221867819fdc1","name":"3006624711531792887","path":"E:\\Vtour\\develop\\search\\entry\\.preview\\default\\intermediates\\res\\default\\module_compiled\\3006624711531792887","type":"file","isSymbolicLink":false,"fileMetaData":{"size":431,"lastModifiedTime":1744627751828}},{"hashValue":"3e19fdc0545577fec48841a119bfbe1b","name":"455393344825616838","path":"E:\\Vtour\\develop\\search\\entry\\.preview\\default\\intermediates\\res\\default\\module_compiled\\455393344825616838","type":"file","isSymbolicLink":false,"fileMetaData":{"size":130,"lastModifiedTime":1744627751787}},{"hashValue":"0b9dd3252a07ec74c1a8c8e71525b80d","name":"568490761862333800","path":"E:\\Vtour\\develop\\search\\entry\\.preview\\default\\intermediates\\res\\default\\module_compiled\\568490761862333800","type":"file","isSymbolicLink":false,"fileMetaData":{"size":172,"lastModifiedTime":1744627751804}},{"hashValue":"f5daf24b5804204a0c2e7a5ad2238108","name":"6773682764277459756","path":"E:\\Vtour\\develop\\search\\entry\\.preview\\default\\intermediates\\res\\default\\module_compiled\\6773682764277459756","type":"file","isSymbolicLink":false,"fileMetaData":{"size":184,"lastModifiedTime":1744627751822}}]},{"hashValue":"09022d2d8eaf223cd4a73c78d0acffcd","name":"module.json","path":"E:\\Vtour\\develop\\search\\entry\\.preview\\default\\intermediates\\res\\default\\module.json","type":"file","isSymbolicLink":false,"fileMetaData":{"size":2042,"lastModifiedTime":1744627751941}},{"hashValue":"bbfc68e3b5c5445fa7e971002174399f","name":"resources","path":"E:\\Vtour\\develop\\search\\entry\\.preview\\default\\intermediates\\res\\default\\resources","type":"directory","isSymbolicLink":false,"children":[{"hashValue":"a546a31c99a9c37dd1434e60f0fa59c9","name":"base","path":"E:\\Vtour\\develop\\search\\entry\\.preview\\default\\intermediates\\res\\default\\resources\\base","type":"directory","isSymbolicLink":false,"children":[{"hashValue":"d03ce584c8f09fc731960e1f5a1c45c1","name":"profile","path":"E:\\Vtour\\develop\\search\\entry\\.preview\\default\\intermediates\\res\\default\\resources\\base\\profile","type":"directory","isSymbolicLink":false,"children":[{"hashValue":"2ef02338c09906474949e5ed4387a2fe","name":"main_pages.json","path":"E:\\Vtour\\develop\\search\\entry\\.preview\\default\\intermediates\\res\\default\\resources\\base\\profile\\main_pages.json","type":"file","isSymbolicLink":false,"fileMetaData":{"size":23,"lastModifiedTime":1744627755011}}]}]}]},{"hashValue":"8add9593aa9c4c2e3eaefaca16ff31c5","name":"resources.index","path":"E:\\Vtour\\develop\\search\\entry\\.preview\\default\\intermediates\\res\\default\\resources.index","type":"file","isSymbolicLink":false,"fileMetaData":{"size":1425,"lastModifiedTime":1744627751898}},{"hashValue":"53544cf0336e903b454f85bcc1b599a8","name":"ResourceTable.txt","path":"E:\\Vtour\\develop\\search\\entry\\.preview\\default\\intermediates\\res\\default\\ResourceTable.txt","type":"file","isSymbolicLink":false,"fileMetaData":{"size":328,"lastModifiedTime":1744627751945}}]},"E:\\Vtour\\develop\\search\\entry\\.preview\\default\\generated\\r\\default\\ResourceTable.h":{"hashValue":"e82b4292a005c4966a7796fe17927713","name":"ResourceTable.h","path":"E:\\Vtour\\develop\\search\\entry\\.preview\\default\\generated\\r\\default\\ResourceTable.h","type":"file","isSymbolicLink":false,"fileMetaData":{"size":1221,"lastModifiedTime":1744627751943}},"E:\\Vtour\\develop\\search\\entry\\.preview\\default\\generated\\r\\default":{"hashValue":"e09d208a00969636d032652a7adb0720","name":"default","path":"E:\\Vtour\\develop\\search\\entry\\.preview\\default\\generated\\r\\default","type":"directory","isSymbolicLink":false,"children":[{"hashValue":"e82b4292a005c4966a7796fe17927713","name":"ResourceTable.h","path":"E:\\Vtour\\develop\\search\\entry\\.preview\\default\\generated\\r\\default\\ResourceTable.h","type":"file","isSymbolicLink":false,"fileMetaData":{"size":1221,"lastModifiedTime":1744627751943}}]},"E:\\Vtour\\develop\\search\\entry\\.preview\\config\\buildConfig.json":{"hashValue":"5d0b25bcbefabbc98c191e979148af05","name":"buildConfig.json","path":"E:\\Vtour\\develop\\search\\entry\\.preview\\config\\buildConfig.json","type":"file","isSymbolicLink":false,"fileMetaData":{"size":1628,"lastModifiedTime":1744627750594}},"E:\\Vtour\\develop\\search\\entry\\.preview\\default\\intermediates\\res\\default\\module.json":{"hashValue":"09022d2d8eaf223cd4a73c78d0acffcd","name":"module.json","path":"E:\\Vtour\\develop\\search\\entry\\.preview\\default\\intermediates\\res\\default\\module.json","type":"file","isSymbolicLink":false,"fileMetaData":{"size":2042,"lastModifiedTime":1744627751941}},"E:\\Vtour\\develop\\search\\entry\\.preview\\default\\intermediates\\res\\default\\resources\\base\\profile\\main_pages.json":{"hashValue":"2ef02338c09906474949e5ed4387a2fe","name":"main_pages.json","path":"E:\\Vtour\\develop\\search\\entry\\.preview\\default\\intermediates\\res\\default\\resources\\base\\profile\\main_pages.json","type":"file","isSymbolicLink":false,"fileMetaData":{"size":23,"lastModifiedTime":1744627755011}},"E:\\Vtour\\develop\\search\\entry\\.preview\\default\\intermediates\\loader\\default":{"hashValue":"9f7ec298d342ccb1b83bed4deb5b3ece","name":"default","path":"E:\\Vtour\\develop\\search\\entry\\.preview\\default\\intermediates\\loader\\default","type":"directory","isSymbolicLink":false,"children":[{"hashValue":"07754dfe6a803a6605942da005ff98e8","name":"loader.json","path":"E:\\Vtour\\develop\\search\\entry\\.preview\\default\\intermediates\\loader\\default\\loader.json","type":"file","isSymbolicLink":false,"fileMetaData":{"size":327,"lastModifiedTime":1744627751332}}]},"E:\\Vtour\\develop\\search\\entry\\.preview\\default\\intermediates\\res\\default\\ResourceTable.txt":{"hashValue":"53544cf0336e903b454f85bcc1b599a8","name":"ResourceTable.txt","path":"E:\\Vtour\\develop\\search\\entry\\.preview\\default\\intermediates\\res\\default\\ResourceTable.txt","type":"file","isSymbolicLink":false,"fileMetaData":{"size":328,"lastModifiedTime":1744627751945}},"E:\\Vtour\\develop\\search\\entry\\.preview\\default\\intermediates\\res\\default\\resources\\base\\profile":{"hashValue":"d03ce584c8f09fc731960e1f5a1c45c1","name":"profile","path":"E:\\Vtour\\develop\\search\\entry\\.preview\\default\\intermediates\\res\\default\\resources\\base\\profile","type":"directory","isSymbolicLink":false,"children":[{"hashValue":"2ef02338c09906474949e5ed4387a2fe","name":"main_pages.json","path":"E:\\Vtour\\develop\\search\\entry\\.preview\\default\\intermediates\\res\\default\\resources\\base\\profile\\main_pages.json","type":"file","isSymbolicLink":false,"fileMetaData":{"size":23,"lastModifiedTime":1744627755011}}]},"E:\\Vtour\\develop\\search\\entry\\src\\main\\ets":{"hashValue":"fe7a604941767f97e29913f5ce08c078","name":"ets","path":"E:\\Vtour\\develop\\search\\entry\\src\\main\\ets","type":"directory","isSymbolicLink":false,"children":[{"hashValue":"339c799bf2287fd29a6390890b514b3f","name":"entryability","path":"E:\\Vtour\\develop\\search\\entry\\src\\main\\ets\\entryability","type":"directory","isSymbolicLink":false,"children":[{"hashValue":"e59d7235b2b6d079d26c7571353820f2","name":"EntryAbility.js","path":"E:\\Vtour\\develop\\search\\entry\\src\\main\\ets\\entryability\\EntryAbility.js","type":"file","isSymbolicLink":false,"fileMetaData":{"size":1592,"lastModifiedTime":1709471362000}},{"hashValue":"2959a09c8f22923a682b4bfac4838b9b","name":"EntryAbility.js.map","path":"E:\\Vtour\\develop\\search\\entry\\src\\main\\ets\\entryability\\EntryAbility.js.map","type":"file","isSymbolicLink":false,"fileMetaData":{"size":1228,"lastModifiedTime":1709471362000}},{"hashValue":"d5c4107aabe1360d9db43af22998d77b","name":"EntryAbility.ts","path":"E:\\Vtour\\develop\\search\\entry\\src\\main\\ets\\entryability\\EntryAbility.ts","type":"file","isSymbolicLink":false,"fileMetaData":{"size":1417,"lastModifiedTime":1709469242000}}]},{"hashValue":"8a464460a90e8ff304b70bf30f62550e","name":"pages","path":"E:\\Vtour\\develop\\search\\entry\\src\\main\\ets\\pages","type":"directory","isSymbolicLink":false,"children":[{"hashValue":"2b3f196cdab93419af8066a91f945ead","name":"Index.ets","path":"E:\\Vtour\\develop\\search\\entry\\src\\main\\ets\\pages\\Index.ets","type":"file","isSymbolicLink":false,"fileMetaData":{"size":4520,"lastModifiedTime":1709541818000}},{"hashValue":"536d7020648334b07368d960b5ba96a7","name":"Index.js","path":"E:\\Vtour\\develop\\search\\entry\\src\\main\\ets\\pages\\Index.js","type":"file","isSymbolicLink":false,"fileMetaData":{"size":281,"lastModifiedTime":1709471362000}},{"hashValue":"dd7f0d1e2ae6666552c7d3f37ddaae65","name":"Index.js.map","path":"E:\\Vtour\\develop\\search\\entry\\src\\main\\ets\\pages\\Index.js.map","type":"file","isSymbolicLink":false,"fileMetaData":{"size":335,"lastModifiedTime":1709471362000}}]}]},"E:\\Vtour\\develop\\search\\entry\\.preview\\default\\intermediates\\loader_out\\default\\ets":{"hashValue":"","name":"emptyroot","path":"","type":"unknown","isSymbolicLink":false,"children":[]}}