{"deviceType":"phone,tablet","checkEntry":"true","localPropertiesPath":"E:\\Vtour\\develop\\search\\local.properties","Path":"F:\\HarmonyOS_Development\\HM_js\\","note":"false","aceProfilePath":"E:\\Vtour\\develop\\search\\entry\\.preview\\default\\intermediates\\res\\default\\resources\\base\\profile","isPreview":"true","hapMode":"false","buildMode":"debug","img2bin":"true","projectProfilePath":"E:\\Vtour\\develop\\search\\build-profile.json5","watchMode":"true","appResource":"E:\\Vtour\\develop\\search\\entry\\.preview\\default\\intermediates\\res\\default\\ResourceTable.txt","logLevel":"3","stageRouterConfig":{"contents":["{\"module\":{\"pages\":\"$profile:main_pages\",\"name\":\"entry\"}}","{\"src\":[\"pages/Index\"]}"],"paths":["E:\\Vtour\\develop\\search\\entry\\.preview\\default\\intermediates\\res\\default\\module.json","E:\\Vtour\\develop\\search\\entry\\.preview\\default\\intermediates\\res\\default\\resources\\base\\profile\\main_pages.json"]},"port":"29902","aceBuildJson":"E:\\Vtour\\develop\\search\\entry\\.preview\\default\\intermediates\\loader\\default\\loader.json","aceModuleRoot":"E:\\Vtour\\develop\\search\\entry\\src\\main\\ets","aceSoPath":"E:\\Vtour\\develop\\search\\entry\\.preview\\cache\\nativeDependencies.txt","cachePath":"E:\\Vtour\\develop\\search\\entry\\.preview\\cache","aceModuleBuild":"E:\\Vtour\\develop\\search\\entry\\.preview\\default\\intermediates\\assets\\default\\ets","aceSuperVisualPath":"E:\\Vtour\\develop\\search\\entry\\src\\main\\supervisual","aceModuleJsonPath":"E:\\Vtour\\develop\\search\\entry\\.preview\\default\\intermediates\\res\\default\\module.json"}